"Year","Mean D/E","Median D/E","SD D/E","Mean ROE","Mean ROA","Mean Sales Growth","Total Debt (Rs cr)","Total Equity (Rs cr)","Aggregate D/E"
"FY15-16",1.1017381378140152,1.1115201835015331,0.4246651761677058,0.21561210779484705,0.0885519850886573,0.07574172773202219,14625,14191,1.0305827637234868
"FY16-17",1.121530810817228,0.9259406031096987,0.8211983651880552,0.12931842293965043,0.0703666165775638,0.0762866503886994,13354,15708,0.8501400560224089
"FY17-18",1.0825074730750504,0.9418685246138583,0.9504854713206812,0.0905007498726895,0.053559412753667365,0.05002055302725029,13621,17320,0.786431870669746
"FY18-19",0.8903165560350716,0.8861296232530906,0.49001751016296924,0.10845560539103731,0.05278187140386222,0.09001244897551997,13407,18372,0.7297517962116263
"FY19-20",0.8879876296152555,0.7407610061465817,0.6316911268333473,0.10327310631257385,0.0516769974227511,0.01589267480370082,12490,19231,0.649472206333524
"FY20-21",0.69535496695387,0.4497394375296093,0.5602644997414216,0.1013421517516156,0.056687262657582345,-0.05716796528983808,10429,21523,0.48455141011940717
"FY21-22",0.4707225960362615,0.39975087228795164,0.2537546331401503,0.1964802683986016,0.11625427025131013,0.48989622410106265,10350,25684,0.40297461454602085
"FY22-23",0.42263928362947967,0.38548785739352937,0.2846046153491654,0.12830707910334493,0.08175706476387232,0.039353210241288336,9836,28049,0.3506720382188313
"FY23-24",0.4493499508292861,0.4183344343183779,0.3391385113306405,0.09885247987197136,0.06459269242166041,0.02597547526237247,10986,30360,0.36185770750988144
"FY24-25",0.40236607488615606,0.3826795803564729,0.31760833083183665,0.09264724060900117,0.06352826008660778,0.05304452997416963,9816,33412,0.2937866634742009
