"Company","Mean D/E","SD D/E","Min D/E","Max D/E","Mean ROE","Mean ROA","Mean EPS (Rs.)","Mean Sales Growth","Mean Tangibility","Mean Size (ln TA)"
"KPR Mill",0.2686249572022696,0.1757144975782384,0.0625,0.601427115188583,0.1979937961177823,0.14401400589797547,12.094,0.08222938453309098,0.3566562360995414,7.885205574445152
"Welspun Living",0.7809184190805986,0.3734358594073862,0.37928057553956834,1.3512374934175881,0.1428065009613064,0.06321186515898806,4.0440000000000005,0.07544025586795618,0.41613998303570143,8.76767085459089
"Indo Count Industries",0.4566805195512593,0.1330068081177968,0.321875,0.7703045685279187,0.175775522181753,0.09670969571989228,10.749,0.09528880781761087,0.3364880179289288,7.672272682851642
"Vardhman Textiles",0.37071412513467755,0.179111536751008,0.12925454165796618,0.7035230352303523,0.13148296546570332,0.08521385914173239,26.643,0.06491838622964431,0.3676494887599822,9.1158840912402
"Trident",0.7102061061226466,0.3717720345714199,0.3402811439650994,1.4505175983436853,0.11556729391641517,0.06090471779916889,0.765,0.07808883961957758,0.6589035213500013,8.762923514107936
"Arvind",0.6950787324797982,0.2337779657367313,0.3796376186367558,1.0458807769591427,0.06342909507222269,0.029202485942039783,7.706,0.04120906457461549,0.4784670006840932,8.835179961061229
"Nitin Spinners",1.4331147652687861,0.514866843330785,0.7865296803652968,2.1515151515151514,0.1639287476788081,0.06557576924418208,20.137999999999998,0.19556749680449234,0.6329804538829895,7.320582024522575
"Sutlej Textiles",0.9879589861361882,0.15869709560280734,0.8300884955752212,1.2696078431372548,0.05710231896310331,0.023493255041456215,2.963,0.05428542247975306,0.5191884003298382,7.659299697135982
"Gokaldas Exports",1.3987195169219353,1.2279638423432493,0.08951048951048951,3.6307692307692307,0.06845702152115223,0.045968841207448215,11.696,0.10211416611709198,0.15699058699485538,7.0227244188089735
"Siyaram Silk Mills",0.42249735179351466,0.27301806709749094,0.14285714285714285,0.8451327433628318,0.14824595016708633,0.08546193827465137,28.274,0.0699137051724149,0.342745436156576,7.287811107525527
"Pooled (all 100 obs.)",0.7524513479691674,0.6009743354259695,0.0625,3.6307692307692307,0.12647892120453327,0.06997564334275348,12.5072,0.08590555292162476,0.42662091252225076,8.032955392629011
