"company","fy","fy_end","period","covid","sales","ebit","net_profit","total_equity","borrowings","total_assets","fixed_assets","de","roe","roa","size","sales_growth","tangibility","eps"
"KPR Mill","FY15-16",2016,"Pre-COVID (FY16–FY19)",0,1961,356,156,981,590,1730,894,0.601427115188583,0.15902140672782875,0.09017341040462427,7.455876687491824,-0.05721153846153846,0.5167630057803468,4.14
"KPR Mill","FY16-17",2017,"Pre-COVID (FY16–FY19)",0,2219,446,238,1118,491,1800,918,0.43917710196779963,0.21288014311270126,0.1322222222222222,7.495541943884256,0.1315655277919429,0.51,6.45
"KPR Mill","FY17-18",2018,"Pre-COVID (FY16–FY19)",0,2512,429,225,1337,346,1930,865,0.2587883320867614,0.1682872101720269,0.11658031088082901,7.5652752818989315,0.13204146011716988,0.4481865284974093,6.09
"KPR Mill","FY18-19",2019,"Pre-COVID (FY16–FY19)",0,2979,507,289,1511,654,2397,798,0.4328259430840503,0.1912640635340834,0.12056737588652482,7.781973234434385,0.1859076433121019,0.33291614518147683,7.97
"KPR Mill","FY19-20",2020,"COVID (FY20–FY21)",1,2898,475,295,1504,472,2187,873,0.31382978723404253,0.19614361702127658,0.13488797439414724,7.690286020676768,-0.027190332326283987,0.3991769547325103,8.56
"KPR Mill","FY20-21",2021,"COVID (FY20–FY21)",1,2954,664,433,1906,317,2485,815,0.16631689401888772,0.22717733473242394,0.17424547283702213,7.818027938530729,0.01932367149758454,0.32796780684104626,12.57
"KPR Mill","FY21-22",2022,"Post-COVID (FY22–FY25)",0,4074,984,731,2632,418,3359,850,0.15881458966565348,0.2777355623100304,0.21762429294432867,8.119398589612294,0.3791469194312796,0.25305150342363797,21.24
"KPR Mill","FY22-23",2023,"Post-COVID (FY22–FY25)",0,4740,799,635,2973,498,3874,971,0.16750756811301715,0.21358896737302388,0.16391326794011357,8.262042843966942,0.1634756995581738,0.25064532782653587,18.58
"KPR Mill","FY23-24",2024,"Post-COVID (FY22–FY25)",0,4054,595,555,3374,287,3919,1070,0.08506224066390042,0.16449318316538233,0.14161775963255932,8.273591798199632,-0.14472573839662448,0.2730288338861955,16.23
"KPR Mill","FY24-25",2025,"Post-COVID (FY22–FY25)",0,4216,764,653,3856,241,4403,1122,0.0625,0.16934647302904565,0.1483079718373836,8.390041405755754,0.03996053280710409,0.2548262548262548,19.11
"Welspun Living","FY15-16",2016,"Pre-COVID (FY16–FY19)",0,4885,1275,648,1899,2566,5362,2830,1.3512374934175881,0.3412322274881517,0.12085042894442372,8.587092318795905,0.11275626423690205,0.5277881387541962,6.45
"Welspun Living","FY16-17",2017,"Pre-COVID (FY16–FY19)",0,5639,1370,307,2201,2738,6248,3057,1.2439800090867787,0.13948205361199456,0.04913572343149808,8.740016691519521,0.15435005117707268,0.48927656850192064,3.05
"Welspun Living","FY17-18",2018,"Pre-COVID (FY16–FY19)",0,4977,894,304,2429,2721,6248,2846,1.1202140798682585,0.12515438452037875,0.04865556978233035,8.740016691519521,-0.11739670154282675,0.45550576184379,3.03
"Welspun Living","FY18-19",2019,"Pre-COVID (FY16–FY19)",0,5395,795,142,2489,2510,6264,2654,1.0084371233427079,0.057051024507834475,0.022669220945083016,8.74257423767064,0.08398633715089411,0.42369093231162197,1.41
"Welspun Living","FY19-20",2020,"COVID (FY20–FY21)",1,5324,1009,475,2807,2275,6221,2385,0.8104738154613467,0.16921980762379765,0.07635428387719016,8.73568594451502,-0.013160333642261353,0.38337887799389164,4.73
"Welspun Living","FY20-21",2021,"COVID (FY20–FY21)",1,5956,1084,527,3338,1409,6098,2158,0.4221090473337328,0.1578789694427801,0.08642177763201049,8.7157161275482,0.11870773854244929,0.3538865201705477,5.24
"Welspun Living","FY21-22",2022,"Post-COVID (FY22–FY25)",0,6703,893,392,3475,1318,6191,2025,0.37928057553956834,0.11280575539568345,0.06331771926990794,8.730851903519232,0.12541974479516454,0.3270877079631723,3.9
"Welspun Living","FY22-23",2023,"Post-COVID (FY22–FY25)",0,6298,456,123,3408,1767,6880,2938,0.5184859154929577,0.03609154929577465,0.017877906976744184,8.836373930927389,-0.060420707146054006,0.42703488372093024,1.22
"Welspun Living","FY23-24",2024,"Post-COVID (FY22–FY25)",0,8085,1012,596,3741,1965,7515,2879,0.5252606255012029,0.15931569099171344,0.0793080505655356,8.924656302187074,0.2837408701174976,0.3831004657351963,6.13
"Welspun Living","FY24-25",2025,"Post-COVID (FY22–FY25)",0,8622,907,507,3905,1678,7508,2933,0.4297055057618438,0.12983354673495517,0.06752797016515717,8.9237243977064,0.06641929499072356,0.39064997336174745,5.28
"Indo Count Industries","FY15-16",2016,"Pre-COVID (FY16–FY19)",0,2001,396,238,613,340,1283,466,0.5546492659053833,0.38825448613376834,0.18550272798129383,7.1569563646156364,0.23824257425742573,0.36321122369446607,12.04
"Indo Count Industries","FY16-17",2017,"Pre-COVID (FY16–FY19)",0,1990,325,228,826,267,1440,511,0.32324455205811137,0.27602905569007263,0.15833333333333333,7.272398392570047,-0.005497251374312844,0.3548611111111111,11.55
"Indo Count Industries","FY17-18",2018,"Pre-COVID (FY16–FY19)",0,1709,167,131,938,371,1644,535,0.39552238805970147,0.1396588486140725,0.07968369829683698,7.404887575616125,-0.14120603015075378,0.3254257907542579,6.64
"Indo Count Industries","FY18-19",2019,"Pre-COVID (FY16–FY19)",0,1813,151,59,960,309,1552,560,0.321875,0.06145833333333333,0.03801546391752577,7.347299700743164,0.060854300760678756,0.36082474226804123,3
"Indo Count Industries","FY19-20",2020,"COVID (FY20–FY21)",1,1965,178,74,972,348,1659,553,0.35802469135802467,0.07613168724279835,0.04460518384569018,7.413970290190444,0.08383894098179813,0.3333333333333333,3.74
"Indo Count Industries","FY20-21",2021,"COVID (FY20–FY21)",1,2515,384,260,1274,546,2247,543,0.42857142857142855,0.20408163265306123,0.11570983533600356,7.717351272185329,0.27989821882951654,0.2416555407209613,13.18
"Indo Count Industries","FY21-22",2022,"Post-COVID (FY22–FY25)",0,2806,402,339,1576,1214,3090,650,0.7703045685279187,0.2151015228426396,0.10970873786407767,8.035926369891792,0.11570576540755467,0.21035598705501618,17.16
"Indo Count Industries","FY22-23",2023,"Post-COVID (FY22–FY25)",0,2784,411,238,1765,853,2983,1243,0.48328611898017,0.1348441926345609,0.07978545088836742,8.000684784514748,-0.007840342124019958,0.4166946027489105,12.03
"Indo Count Industries","FY23-24",2024,"Post-COVID (FY22–FY25)",0,3332,526,320,2048,936,3493,1344,0.45703125,0.15625,0.09161179501860865,8.158516244806831,0.1968390804597701,0.3847695390781563,16.17
"Indo Count Industries","FY24-25",2025,"Post-COVID (FY22–FY25)",0,3772,465,237,2237,1061,3695,1381,0.47429593205185516,0.10594546267322306,0.06414073071718539,8.214735833382303,0.13205282112845138,0.3737483085250338,11.98
"Vardhman Textiles","FY15-16",2016,"Pre-COVID (FY16–FY19)",0,5602,1108,676,3690,2596,6985,2585,0.7035230352303523,0.1831978319783198,0.09677881173944167,8.851520271691061,-0.022338568935427575,0.3700787401574803,21.25
"Vardhman Textiles","FY16-17",2017,"Pre-COVID (FY16–FY19)",0,5691,1131,1002,3986,2198,6959,2507,0.5514300050175615,0.2513798294029102,0.1439862049144992,8.84779106484485,0.0158871831488754,0.3602529099008478,34.87
"Vardhman Textiles","FY17-18",2018,"Pre-COVID (FY16–FY19)",0,5851,859,546,4632,2282,7696,2612,0.49265975820379965,0.11787564766839378,0.07094594594594594,8.948455992345542,0.028114566859954313,0.3393970893970894,19
"Vardhman Textiles","FY18-19",2019,"Pre-COVID (FY16–FY19)",0,6415,1132,696,5239,2238,8369,3333,0.4271807596869632,0.1328497804924604,0.083164057832477,9.032289682032873,0.09639377884122373,0.3982554666029394,24.21
"Vardhman Textiles","FY19-20",2020,"COVID (FY20–FY21)",1,6325,883,545,5667,2197,8727,3620,0.3876830774660314,0.09617081348155991,0.0624498682250487,9.074176947163311,-0.014029618082618862,0.41480462931133266,18.97
"Vardhman Textiles","FY20-21",2021,"COVID (FY20–FY21)",1,5926,767,367,6139,2132,9064,3546,0.34728783189444534,0.05978172340772113,0.04048984995586937,9.112065802707843,-0.06308300395256917,0.3912180052956752,12.74
"Vardhman Textiles","FY21-22",2022,"Post-COVID (FY22–FY25)",0,9386,2262,1677,7539,1980,10576,3677,0.26263430163151613,0.2224432948666932,0.15856656580937972,9.266342562091468,0.5838677016537294,0.34767397881996975,58.07
"Vardhman Textiles","FY22-23",2023,"Post-COVID (FY22–FY25)",0,9841,1285,749,8294,1677,10861,3927,0.20219435736677116,0.09030624547865927,0.0689623423257527,9.292933670280036,0.04847645429362881,0.36156891630604915,25.91
"Vardhman Textiles","FY23-24",2024,"Post-COVID (FY22–FY25)",0,9299,958,608,8805,1790,11487,3772,0.20329358319136853,0.06905167518455423,0.052929398450422216,9.348971240145405,-0.05507570368864953,0.3283712022286063,21.01
"Vardhman Textiles","FY24-25",2025,"Post-COVID (FY22–FY25)",0,9587,1257,879,9578,1238,11900,4342,0.12925454165796618,0.09177281269576112,0.0738655462184874,9.38429367909962,0.03097107215829659,0.36487394957983194,30.4
"Trident","FY15-16",2016,"Pre-COVID (FY16–FY19)",0,3665,730,242,2415,3503,6506,4755,1.4505175983436853,0.10020703933747412,0.037196434060866895,8.780480107033297,-0.018741633199464525,0.7308638180141408,0.48
"Trident","FY16-17",2017,"Pre-COVID (FY16–FY19)",0,4617,886,337,2725,2849,6150,4467,1.0455045871559634,0.1236697247706422,0.05479674796747967,8.724207360800564,0.2597544338335607,0.7263414634146341,0.66
"Trident","FY17-18",2018,"Pre-COVID (FY16–FY19)",0,4566,852,266,2694,2798,6129,4079,1.0386043058648848,0.09873793615441723,0.043400228422254855,8.720786883485731,-0.011046133853151396,0.6655245553923969,0.52
"Trident","FY18-19",2019,"Pre-COVID (FY16–FY19)",0,5220,977,371,2932,2436,6103,3848,0.8308321964529332,0.12653478854024558,0.06078977552023595,8.716535732544495,0.14323258869908015,0.6305095854497788,0.73
"Trident","FY19-20",2020,"COVID (FY20–FY21)",1,4699,841,342,2967,1991,5718,3826,0.6710481968318166,0.11526794742163801,0.05981112277019937,8.651374372882257,-0.09980842911877395,0.6691150752011192,0.67
"Trident","FY20-21",2021,"COVID (FY20–FY21)",1,4519,814,346,3317,1562,5754,3854,0.47090744648779015,0.10431112451009948,0.06013208202989225,8.657650544111494,-0.038306022557991065,0.6697949252693778,0.68
"Trident","FY21-22",2022,"Post-COVID (FY22–FY25)",0,6919,1495,815,3798,1596,6431,3795,0.42022116903633494,0.21458662453923116,0.12672990203700824,8.768885326134862,0.531090949325072,0.5901104027367439,1.6
"Trident","FY22-23",2023,"Post-COVID (FY22–FY25)",0,6267,918,422,4126,1404,6713,4422,0.3402811439650994,0.10227823557925352,0.06286310144495755,8.811801223938751,-0.09423327070385894,0.6587218829137494,0.83
"Trident","FY23-24",2024,"Post-COVID (FY22–FY25)",0,6730,935,390,4310,2094,7522,4663,0.48584686774941993,0.09048723897911833,0.05184791278915182,8.925587339030281,0.07387904898675603,0.6199149162456793,0.76
"Trident","FY24-25",2025,"Post-COVID (FY22–FY25)",0,6966,886,367,4611,1606,7129,4478,0.3482975493385383,0.0795922793320321,0.051479870949642306,8.871926251117628,0.035066864784546806,0.628138588862393,0.72
"Arvind","FY15-16",2016,"Pre-COVID (FY16–FY19)",0,5357,808,321,2986,3123,6990,2928,1.0458807769591427,0.10750167448091091,0.04592274678111588,8.852235835227855,0.02526315789473684,0.4188841201716738,12.42
"Arvind","FY16-17",2017,"Pre-COVID (FY16–FY19)",0,5967,732,19,3011,2428,6458,3177,0.806376619063434,0.00631019594818997,0.0029420873335397955,8.77307495131822,0.11386970319208513,0.49194797150820685,0.72
"Arvind","FY17-18",2018,"Pre-COVID (FY16–FY19)",0,6332,639,250,3159,2562,7044,3208,0.8110161443494777,0.07913896802785692,0.03549119818285065,8.859931469616097,0.061169767052119996,0.4554230550823396,9.67
"Arvind","FY18-19",2019,"Pre-COVID (FY16–FY19)",0,6436,633,199,2817,2652,7014,3362,0.9414270500532481,0.0706425275115371,0.02837182777302538,8.855663430700124,0.016424510423247,0.4793270601653835,7.71
"Arvind","FY19-20",2020,"COVID (FY20–FY21)",1,6705,708,171,2854,2431,6815,3532,0.8517869656622284,0.05991590749824807,0.025091709464416728,8.826881344130634,0.041796146674953384,0.5182685253118122,6.62
"Arvind","FY20-21",2021,"COVID (FY20–FY21)",1,4529,477,93,2941,1985,6609,3332,0.6749404964297858,0.03162189731383883,0.01407172038129823,8.796187635470453,-0.3245339299030574,0.5041609925858678,3.58
"Arvind","FY21-22",2022,"Post-COVID (FY22–FY25)",0,7436,790,59,3012,1783,7413,3268,0.5919654714475432,0.019588313413014608,0.007958990961823823,8.910990494656719,0.6418635460366526,0.4408471603939026,2.28
"Arvind","FY22-23",2023,"Post-COVID (FY22–FY25)",0,7723,720,346,3297,1420,6398,3255,0.43069457082195933,0.10494388838337883,0.054079399812441385,8.763740720509464,0.03859601936525014,0.5087527352297593,13.23
"Arvind","FY23-24",2024,"Post-COVID (FY22–FY25)",0,7100,767,305,3477,1320,6729,3288,0.3796376186367558,0.08771929824561403,0.0453262000297221,8.814181823188319,-0.0806681341447624,0.4886312973695943,11.65
"Arvind","FY24-25",2025,"Post-COVID (FY22–FY25)",0,6236,581,240,3587,1496,7324,3504,0.41706161137440756,0.06690827989963757,0.03276897870016385,8.898911905794401,-0.12169014084507042,0.4784270890223921,9.18
"Nitin Spinners","FY15-16",2016,"Pre-COVID (FY16–FY19)",0,766,137,44,206,352,635,399,1.7087378640776698,0.21359223300970873,0.06929133858267716,6.453624998892692,0.2435064935064935,0.6283464566929133,9.63
"Nitin Spinners","FY16-17",2017,"Pre-COVID (FY16–FY19)",0,933,133,57,264,568,885,613,2.1515151515151514,0.2159090909090909,0.06440677966101695,6.785587645007929,0.21801566579634465,0.6926553672316385,12.51
"Nitin Spinners","FY17-18",2018,"Pre-COVID (FY16–FY19)",0,1145,155,52,417,449,929,574,1.0767386091127098,0.12470023980815348,0.05597416576964478,6.834108738813838,0.22722400857449088,0.6178686759956943,9.43
"Nitin Spinners","FY18-19",2019,"Pre-COVID (FY16–FY19)",0,1241,178,64,482,860,1436,992,1.7842323651452283,0.13278008298755187,0.04456824512534819,7.269616749608169,0.08384279475982533,0.6908077994428969,11.4
"Nitin Spinners","FY19-20",2020,"COVID (FY20–FY21)",1,1436,170,24,494,1040,1645,1140,2.1052631578947367,0.048582995951417005,0.01458966565349544,7.405495663199472,0.1571313456889605,0.6930091185410334,4.24
"Nitin Spinners","FY20-21",2021,"COVID (FY20–FY21)",1,1622,257,69,563,962,1676,1062,1.7087033747779752,0.12255772646536411,0.04116945107398568,7.424165281042028,0.12952646239554316,0.6336515513126492,12.25
"Nitin Spinners","FY21-22",2022,"Post-COVID (FY22–FY25)",0,2690,652,326,876,689,1824,1012,0.7865296803652968,0.3721461187214612,0.1787280701754386,7.508787170634276,0.6584463625154131,0.5548245614035088,58.01
"Nitin Spinners","FY22-23",2023,"Post-COVID (FY22–FY25)",0,2404,297,165,1029,980,2218,1351,0.9523809523809523,0.16034985422740525,0.07439134355275022,7.704361167910313,-0.10631970260223049,0.609107303877367,29.32
"Nitin Spinners","FY23-24",2024,"Post-COVID (FY22–FY25)",0,2902,377,132,1146,1339,2717,1711,1.168411867364747,0.11518324607329843,0.048582995951417005,7.907283609426348,0.20715474209650583,0.6297386823702613,23.39
"Nitin Spinners","FY24-25",2025,"Post-COVID (FY22–FY25)",0,3300,471,175,1311,1165,2732,1584,0.8886346300533944,0.13348588863463004,0.06405563689604685,7.912789220690681,0.13714679531357685,0.5797950219619327,31.2
"Sutlej Textiles","FY15-16",2016,"Pre-COVID (FY16–FY19)",0,2074,263,143,683,804,1675,877,1.1771595900439238,0.20937042459736457,0.0853731343283582,7.423568444259167,0.11087305838243171,0.5235820895522388,8.76
"Sutlej Textiles","FY16-17",2017,"Pre-COVID (FY16–FY19)",0,2249,282,158,816,1036,2045,1139,1.2696078431372548,0.19362745098039216,0.07726161369193155,7.623153068476902,0.08437801350048216,0.5569682151589243,9.64
"Sutlej Textiles","FY17-18",2018,"Pre-COVID (FY16–FY19)",0,2453,247,113,906,1047,2182,1119,1.1556291390728477,0.12472406181015452,0.05178735105407883,7.687997166393016,0.09070698088039128,0.5128322639780019,6.91
"Sutlej Textiles","FY18-19",2019,"Pre-COVID (FY16–FY19)",0,2562,219,66,946,923,2131,1074,0.9756871035940803,0.06976744186046512,0.030971374941342094,7.664346632098617,0.04443538524256013,0.5039887376818395,4.01
"Sutlej Textiles","FY19-20",2020,"COVID (FY20–FY21)",1,2379,178,36,971,868,2118,1210,0.893923789907312,0.037075180226570546,0.0169971671388102,7.658227526161352,-0.07142857142857142,0.5712936732766761,2.2
"Sutlej Textiles","FY20-21",2021,"COVID (FY20–FY21)",1,1861,115,10,980,901,2149,1231,0.9193877551020408,0.01020408163265306,0.004653327128897162,7.67275789664251,-0.21773854560739805,0.5728245695672406,0.58
"Sutlej Textiles","FY21-22",2022,"Post-COVID (FY22–FY25)",0,3042,387,156,1130,938,2442,1187,0.8300884955752212,0.13805309734513274,0.06388206388206388,7.80057265467065,0.6346050510478237,0.4860769860769861,9.5
"Sutlej Textiles","FY22-23",2023,"Post-COVID (FY22–FY25)",0,3039,264,23,1123,933,2421,1121,0.8308103294746215,0.020480854853072127,0.00950020652622883,7.791935956938058,-9.861932938856016e-4,0.46303180503923996,1.39
"Sutlej Textiles","FY23-24",2024,"Post-COVID (FY22–FY25)",0,2672,-29,-135,976,826,2097,1063,0.8463114754098361,-0.13831967213114754,-0.06437768240343347,7.64826303090192,-0.12076340901612373,0.5069146399618503,-8.22
"Sutlej Textiles","FY24-25",2025,"Post-COVID (FY22–FY25)",0,2642,46,-84,894,877,2043,1010,0.9809843400447428,-0.09395973154362416,-0.041116005873715125,7.622174594817622,-0.01122754491017964,0.4943710230053842,-5.14
"Gokaldas Exports","FY15-16",2016,"Pre-COVID (FY16–FY19)",0,1123,37,61,212,343,725,94,1.6179245283018868,0.28773584905660377,0.08413793103448276,6.586171654854675,0.04953271028037383,0.1296551724137931,17.44
"Gokaldas Exports","FY16-17",2017,"Pre-COVID (FY16–FY19)",0,915,-31,-46,165,474,794,95,2.8727272727272726,-0.2787878787878788,-0.05793450881612091,6.677083461247136,-0.18521816562778273,0.11964735516372796,-13.23
"Gokaldas Exports","FY17-18",2018,"Pre-COVID (FY16–FY19)",0,1031,-23,-31,130,472,794,95,3.6307692307692307,-0.23846153846153847,-0.03904282115869018,6.677083461247136,0.126775956284153,0.11964735516372796,-8.83
"Gokaldas Exports","FY18-19",2019,"Pre-COVID (FY16–FY19)",0,1173,62,26,239,381,823,108,1.594142259414226,0.1087866108786611,0.031591737545565005,6.71295620067707,0.13773035887487875,0.13122721749696234,5.99
"Gokaldas Exports","FY19-20",2020,"COVID (FY20–FY21)",1,1368,87,32,228,440,939,172,1.9298245614035088,0.14035087719298245,0.03407880724174654,6.844815479208263,0.16624040920716113,0.18317358892438765,7.56
"Gokaldas Exports","FY20-21",2021,"COVID (FY20–FY21)",1,1209,101,26,291,476,1005,235,1.6357388316151202,0.08934707903780069,0.025870646766169153,6.912742820493176,-0.1162280701754386,0.23383084577114427,6.12
"Gokaldas Exports","FY21-22",2022,"Post-COVID (FY22–FY25)",0,1789,204,117,709,191,1226,282,0.2693935119887165,0.16502115655853314,0.09543230016313213,7.111512116496157,0.47973531844499584,0.2300163132137031,19.79
"Gokaldas Exports","FY22-23",2023,"Post-COVID (FY22–FY25)",0,2221,269,178,893,141,1343,261,0.15789473684210525,0.19932810750279956,0.1325390915860015,7.202661196523238,0.24147568474007824,0.19434102755026061,29.45
"Gokaldas Exports","FY23-24",2024,"Post-COVID (FY22–FY25)",0,2139,255,164,1342,254,1955,254,0.18926974664679583,0.12220566318926974,0.08388746803069054,7.578145472419466,-0.03692030616839262,0.129923273657289,25.9
"Gokaldas Exports","FY24-25",2025,"Post-COVID (FY22–FY25)",0,2477,244,191,2145,192,2763,272,0.08951048951048951,0.08904428904428904,0.06912775968150561,7.924072324923417,0.15801776531089293,0.09844372059355773,26.77
"Siyaram Silk Mills","FY15-16",2016,"Pre-COVID (FY16–FY19)",0,1609,196,84,506,408,1195,403,0.8063241106719368,0.16600790513833993,0.07029288702928871,7.085901464365611,0.07553475935828877,0.3372384937238494,17.93
"Siyaram Silk Mills","FY16-17",2017,"Pre-COVID (FY16–FY19)",0,1570,197,91,596,305,1159,445,0.511744966442953,0.15268456375838926,0.07851596203623813,7.055312843339752,-0.024238657551274082,0.3839516824849008,19.41
"Siyaram Silk Mills","FY17-18",2018,"Pre-COVID (FY16–FY19)",0,1733,246,112,678,573,1553,532,0.8451327433628318,0.16519174041297935,0.0721184803605924,7.347943823148687,0.10382165605095542,0.3425627817128139,23.81
"Siyaram Silk Mills","FY18-19",2019,"Pre-COVID (FY16–FY19)",0,1815,241,101,757,444,1505,527,0.5865257595772787,0.1334214002642008,0.06710963455149502,7.316548177182976,0.04731679169070975,0.3501661129568106,21.58
"Siyaram Silk Mills","FY19-20",2020,"COVID (FY20–FY21)",1,1698,169,72,767,428,1503,552,0.5580182529335072,0.0938722294654498,0.04790419161676647,7.315218389752975,-0.06446280991735537,0.36726546906187624,15.3
"Siyaram Silk Mills","FY20-21",2021,"COVID (FY20–FY21)",1,1088,55,5,774,139,1217,490,0.17958656330749354,0.006459948320413436,0.004108463434675432,7.104144092987527,-0.35924617196702,0.4026294165981923,1.14
"Siyaram Silk Mills","FY21-22",2022,"Post-COVID (FY22–FY25)",0,1903,334,213,937,223,1515,500,0.23799359658484526,0.22732123799359658,0.1405940594059406,7.323170717943469,0.7490808823529411,0.33003300330033003,45.34
"Siyaram Silk Mills","FY22-23",2023,"Post-COVID (FY22–FY25)",0,2229,369,252,1141,163,1640,482,0.14285714285714285,0.22085889570552147,0.15365853658536585,7.402451520818244,0.17130846032580135,0.2939024390243902,53.73
"Siyaram Silk Mills","FY23-24",2024,"Post-COVID (FY22–FY25)",0,2087,286,185,1141,175,1606,493,0.15337423312883436,0.16213847502191062,0.11519302615193026,7.381501894506707,-0.06370569762225213,0.3069738480697385,40.7
"Siyaram Silk Mills","FY24-25",2025,"Post-COVID (FY22–FY25)",0,2220,277,199,1288,262,1893,592,0.20341614906832298,0.1545031055900621,0.10512414157422081,7.545918151209323,0.0637278390033541,0.3127311146328579,43.8
