"Model","Variable","Coefficient","Std. Error","t-Statistic","p-value","Sig. at 5%?"
"ROE — robust HC1 SE","Intercept (β0)",0.3814921523686415,0.10400423678539154,3.6680443428072533,4.0308532797223847e-4,"Yes**"
"ROE — robust HC1 SE","D/E Ratio (β1)",-0.07717950836134191,0.025752637524882497,-2.996955488026039,0.003479142902355164,"Yes**"
"ROE — robust HC1 SE","Size — ln(Total Assets) (β2)",-0.03105365544805252,0.012610601588632885,-2.462503888477778,0.015598696357184158,"Yes*"
"ROE — robust HC1 SE","Sales Growth (β3)",0.19638453872243594,0.053973103769424796,3.63856300651892,4.457523733047809e-4,"Yes**"
"ROE — robust HC1 SE","Tangibility (β4)",0.08354653862447459,0.07186128739339825,1.162608431534304,0.24790064125373756,"No"
"ROE — firm-clustered SE","Intercept (β0)",0.3814921523686415,0.12880090499972288,2.9618747816210007,0.003862705597737412,"Yes**"
"ROE — firm-clustered SE","D/E Ratio (β1)",-0.07717950836134191,0.024778776549828938,-3.1147424977233076,0.0024340925966314653,"Yes**"
"ROE — firm-clustered SE","Size — ln(Total Assets) (β2)",-0.03105365544805252,0.01634518240774848,-1.8998659466370622,0.06048372080189152,"No"
"ROE — firm-clustered SE","Sales Growth (β3)",0.19638453872243594,0.04255118274410506,4.615254525437194,1.227886905680264e-5,"Yes**"
"ROE — firm-clustered SE","Tangibility (β4)",0.08354653862447459,0.0701750882486042,1.1905441191395487,0.23679902515164586,"No"
"ROA — robust HC1 SE","Intercept (β0)",0.20865747403073936,0.049426327442490994,4.221585637199498,5.55363908006684e-5,"Yes**"
"ROA — robust HC1 SE","D/E Ratio (β1)",-0.04815881267819694,0.006175544457803852,-7.798310417365724,7.99116158163252e-12,"Yes**"
"ROA — robust HC1 SE","Size — ln(Total Assets) (β2)",-0.012267073040477122,0.005872072862328854,-2.0890532743852948,0.03937634282058143,"Yes*"
"ROA — robust HC1 SE","Sales Growth (β3)",0.09929493724210793,0.028588023918068965,3.4733053787375945,7.758701763849762e-4,"Yes**"
"ROA — robust HC1 SE","Tangibility (β4)",-0.02914485146074531,0.021082299082091166,-1.3824323119247968,0.17008042995217418,"No"
"ROA — firm-clustered SE","Intercept (β0)",0.20865747403073936,0.06965026208647768,2.9957887849965377,0.0034913118038455413,"Yes**"
"ROA — firm-clustered SE","D/E Ratio (β1)",-0.04815881267819694,0.009685363343712129,-4.972328963730855,2.9304266595191924e-6,"Yes**"
"ROA — firm-clustered SE","Size — ln(Total Assets) (β2)",-0.012267073040477122,0.00777584336842237,-1.577587466626912,0.11798465042241733,"No"
"ROA — firm-clustered SE","Sales Growth (β3)",0.09929493724210793,0.021168707244474755,4.690647194245879,9.117653517675128e-6,"Yes**"
"ROA — firm-clustered SE","Tangibility (β4)",-0.02914485146074531,0.03348964317557296,-0.8702646160769876,0.3863495046488976,"No"
