company,basis,fy_end,sales,ebit,net_profit,equity_capital,reserves,borrowings,total_assets,fixed_assets,eps
KPR Mill,Standalone,2015,2080,357,146,38,826,672,1731,924,3.87
KPR Mill,Standalone,2016,1961,356,156,38,943,590,1730,894,4.14
KPR Mill,Standalone,2017,2219,446,238,37,1081,491,1800,918,6.45
KPR Mill,Standalone,2018,2512,429,225,37,1300,346,1930,865,6.09
KPR Mill,Standalone,2019,2979,507,289,36,1475,654,2397,798,7.97
KPR Mill,Standalone,2020,2898,475,295,34,1470,472,2187,873,8.56
KPR Mill,Standalone,2021,2954,664,433,34,1872,317,2485,815,12.57
KPR Mill,Standalone,2022,4074,984,731,34,2598,418,3359,850,21.24
KPR Mill,Standalone,2023,4740,799,635,34,2939,498,3874,971,18.58
KPR Mill,Standalone,2024,4054,595,555,34,3340,287,3919,1070,16.23
KPR Mill,Standalone,2025,4216,764,653,34,3822,241,4403,1122,19.11
Welspun Living,Standalone,2015,4390,1042,510,100,1332,2467,4827,2052,5.08
Welspun Living,Standalone,2016,4885,1275,648,100,1799,2566,5362,2830,6.45
Welspun Living,Standalone,2017,5639,1370,307,100,2101,2738,6248,3057,3.05
Welspun Living,Standalone,2018,4977,894,304,100,2329,2721,6248,2846,3.03
Welspun Living,Standalone,2019,5395,795,142,100,2389,2510,6264,2654,1.41
Welspun Living,Standalone,2020,5324,1009,475,100,2707,2275,6221,2385,4.73
Welspun Living,Standalone,2021,5956,1084,527,100,3238,1409,6098,2158,5.24
Welspun Living,Standalone,2022,6703,893,392,99,3376,1318,6191,2025,3.9
Welspun Living,Standalone,2023,6298,456,123,99,3309,1767,6880,2938,1.22
Welspun Living,Standalone,2024,8085,1012,596,97,3644,1965,7515,2879,6.13
Welspun Living,Standalone,2025,8622,907,507,96,3809,1678,7508,2933,5.28
Indo Count Industries,Standalone,2015,1616,237,139,39,361,333,1153,374,7.04
Indo Count Industries,Standalone,2016,2001,396,238,39,574,340,1283,466,12.04
Indo Count Industries,Standalone,2017,1990,325,228,39,787,267,1440,511,11.55
Indo Count Industries,Standalone,2018,1709,167,131,39,899,371,1644,535,6.64
Indo Count Industries,Standalone,2019,1813,151,59,39,921,309,1552,560,3
Indo Count Industries,Standalone,2020,1965,178,74,39,933,348,1659,553,3.74
Indo Count Industries,Standalone,2021,2515,384,260,39,1235,546,2247,543,13.18
Indo Count Industries,Standalone,2022,2806,402,339,39,1537,1214,3090,650,17.16
Indo Count Industries,Standalone,2023,2784,411,238,40,1725,853,2983,1243,12.03
Indo Count Industries,Standalone,2024,3332,526,320,40,2008,936,3493,1344,16.17
Indo Count Industries,Standalone,2025,3772,465,237,40,2197,1061,3695,1381,11.98
Vardhman Textiles,Standalone,2015,5730,942,359,64,3020,2506,6305,2573,11.28
Vardhman Textiles,Standalone,2016,5602,1108,676,62,3628,2596,6985,2585,21.25
Vardhman Textiles,Standalone,2017,5691,1131,1002,56,3930,2198,6959,2507,34.87
Vardhman Textiles,Standalone,2018,5851,859,546,57,4575,2282,7696,2612,19
Vardhman Textiles,Standalone,2019,6415,1132,696,57,5182,2238,8369,3333,24.21
Vardhman Textiles,Standalone,2020,6325,883,545,58,5609,2197,8727,3620,18.97
Vardhman Textiles,Standalone,2021,5926,767,367,58,6081,2132,9064,3546,12.74
Vardhman Textiles,Standalone,2022,9386,2262,1677,58,7481,1980,10576,3677,58.07
Vardhman Textiles,Standalone,2023,9841,1285,749,58,8236,1677,10861,3927,25.91
Vardhman Textiles,Standalone,2024,9299,958,608,58,8747,1790,11487,3772,21.01
Vardhman Textiles,Standalone,2025,9587,1257,879,58,9520,1238,11900,4342,30.4
Trident,Standalone,2015,3735,661,118,509,947,2580,4504,3086,0.23
Trident,Standalone,2016,3665,730,242,509,1906,3503,6506,4755,0.48
Trident,Standalone,2017,4617,886,337,510,2215,2849,6150,4467,0.66
Trident,Standalone,2018,4566,852,266,510,2184,2798,6129,4079,0.52
Trident,Standalone,2019,5220,977,371,510,2422,2436,6103,3848,0.73
Trident,Standalone,2020,4699,841,342,510,2457,1991,5718,3826,0.67
Trident,Standalone,2021,4519,814,346,510,2807,1562,5754,3854,0.68
Trident,Standalone,2022,6919,1495,815,510,3288,1596,6431,3795,1.6
Trident,Standalone,2023,6267,918,422,510,3616,1404,6713,4422,0.83
Trident,Standalone,2024,6730,935,390,510,3800,2094,7522,4663,0.76
Trident,Standalone,2025,6966,886,367,510,4101,1606,7129,4478,0.72
Arvind,Standalone,2015,5225,845,377,258,2587,2750,6652,2696,14.62
Arvind,Standalone,2016,5357,808,321,258,2728,3123,6990,2928,12.42
Arvind,Standalone,2017,5967,732,19,258,2753,2428,6458,3177,0.72
Arvind,Standalone,2018,6332,639,250,259,2900,2562,7044,3208,9.67
Arvind,Standalone,2019,6436,633,199,259,2558,2652,7014,3362,7.71
Arvind,Standalone,2020,6705,708,171,259,2595,2431,6815,3532,6.62
Arvind,Standalone,2021,4529,477,93,259,2682,1985,6609,3332,3.58
Arvind,Standalone,2022,7436,790,59,261,2751,1783,7413,3268,2.28
Arvind,Standalone,2023,7723,720,346,262,3035,1420,6398,3255,13.23
Arvind,Standalone,2024,7100,767,305,262,3215,1320,6729,3288,11.65
Arvind,Standalone,2025,6236,581,240,262,3325,1496,7324,3504,9.18
Nitin Spinners,Standalone,2015,616,100,41,46,121,378,610,417,8.94
Nitin Spinners,Standalone,2016,766,137,44,46,160,352,635,399,9.63
Nitin Spinners,Standalone,2017,933,133,57,46,218,568,885,613,12.51
Nitin Spinners,Standalone,2018,1145,155,52,56,361,449,929,574,9.43
Nitin Spinners,Standalone,2019,1241,178,64,56,426,860,1436,992,11.4
Nitin Spinners,Standalone,2020,1436,170,24,56,438,1040,1645,1140,4.24
Nitin Spinners,Standalone,2021,1622,257,69,56,507,962,1676,1062,12.25
Nitin Spinners,Standalone,2022,2690,652,326,56,820,689,1824,1012,58.01
Nitin Spinners,Standalone,2023,2404,297,165,56,973,980,2218,1351,29.32
Nitin Spinners,Standalone,2024,2902,377,132,56,1090,1339,2717,1711,23.39
Nitin Spinners,Standalone,2025,3300,471,175,56,1255,1165,2732,1584,31.2
Sutlej Textiles,Standalone,2015,1867,232,115,16,544,598,1341,687,7.05
Sutlej Textiles,Standalone,2016,2074,263,143,16,667,804,1675,877,8.76
Sutlej Textiles,Standalone,2017,2249,282,158,16,800,1036,2045,1139,9.64
Sutlej Textiles,Standalone,2018,2453,247,113,16,890,1047,2182,1119,6.91
Sutlej Textiles,Standalone,2019,2562,219,66,16,930,923,2131,1074,4.01
Sutlej Textiles,Standalone,2020,2379,178,36,16,955,868,2118,1210,2.2
Sutlej Textiles,Standalone,2021,1861,115,10,16,964,901,2149,1231,0.58
Sutlej Textiles,Standalone,2022,3042,387,156,16,1114,938,2442,1187,9.5
Sutlej Textiles,Standalone,2023,3039,264,23,16,1107,933,2421,1121,1.39
Sutlej Textiles,Standalone,2024,2672,-29,-135,16,960,826,2097,1063,-8.22
Sutlej Textiles,Standalone,2025,2642,46,-84,16,878,877,2043,1010,-5.14
Gokaldas Exports,Standalone,2015,1070,21,34,17,139,311,645,127,9.93
Gokaldas Exports,Standalone,2016,1123,37,61,17,195,343,725,94,17.44
Gokaldas Exports,Standalone,2017,915,-31,-46,17,148,474,794,95,-13.23
Gokaldas Exports,Standalone,2018,1031,-23,-31,17,113,472,794,95,-8.83
Gokaldas Exports,Standalone,2019,1173,62,26,21,218,381,823,108,5.99
Gokaldas Exports,Standalone,2020,1368,87,32,21,207,440,939,172,7.56
Gokaldas Exports,Standalone,2021,1209,101,26,21,270,476,1005,235,6.12
Gokaldas Exports,Standalone,2022,1789,204,117,29,680,191,1226,282,19.79
Gokaldas Exports,Standalone,2023,2221,269,178,30,863,141,1343,261,29.45
Gokaldas Exports,Standalone,2024,2139,255,164,32,1310,254,1955,254,25.9
Gokaldas Exports,Standalone,2025,2477,244,191,36,2109,192,2763,272,26.77
Siyaram Silk Mills,Standalone,2015,1496,174,79,9,426,309,981,339,16.8
Siyaram Silk Mills,Standalone,2016,1609,196,84,9,497,408,1195,403,17.93
Siyaram Silk Mills,Standalone,2017,1570,197,91,9,587,305,1159,445,19.41
Siyaram Silk Mills,Standalone,2018,1733,246,112,9,669,573,1553,532,23.81
Siyaram Silk Mills,Standalone,2019,1815,241,101,9,748,444,1505,527,21.58
Siyaram Silk Mills,Standalone,2020,1698,169,72,9,758,428,1503,552,15.3
Siyaram Silk Mills,Standalone,2021,1088,55,5,9,765,139,1217,490,1.14
Siyaram Silk Mills,Standalone,2022,1903,334,213,9,928,223,1515,500,45.34
Siyaram Silk Mills,Standalone,2023,2229,369,252,9,1132,163,1640,482,53.73
Siyaram Silk Mills,Standalone,2024,2087,286,185,9,1132,175,1606,493,40.7
Siyaram Silk Mills,Standalone,2025,2220,277,199,9,1279,262,1893,592,43.8
